"conversation_id_str","created_at","favorite_count","full_text","id_str","image_url","in_reply_to_screen_name","lang","location","quote_count","reply_count","retweet_count","tweet_url","user_id_str","username"
"1774556083891401169","Sun Mar 31 23:58:28 +0000 2024","0","@meraaahputiiih Pemindahan ibu kota bikin kita lebih deket sama teknologi terbaru.","1774587095937696208","","meraaahputiiih","in","","0","0","0","https://x.com/emah_maulh7/status/1774587095937696208","1701808023130554368","emah_maulh7"
"1774578278285860915","Sun Mar 31 23:49:25 +0000 2024","1","@RandomWorldWar Ngebayangin beton 6 aja jebol dan itu teknologi 30thn lalu gimana yg sekarang njiir Ô∏è","1774584817306509352","","RandomWorldWar","in","Wonogiri, Indonesia","0","0","0","https://x.com/jmbtkudanil/status/1774584817306509352","1233068418783416323","jmbtkudanil"
"1774584647156162612","Sun Mar 31 23:48:44 +0000 2024","0","yang namanya apple dengan samsung kalau cas bateri paling lambat dalam alam semesta. pakai teknologi jaman perang dunia hairan aku","1774584647156162612","","","in","Batu Pahat, Johor","0","0","0","https://x.com/mimpi_duit/status/1774584647156162612","172666178","mimpi_duit"
"1774412852495007869","Sun Mar 31 23:43:55 +0000 2024","0","@panditfootball Ini artinya manejemen sepakbola ya g tidak bersistem harusnya antara PSSI AFF AFC dan FIFA menyusun jadwal kompetisi yang sinergis tidak saling mengganggu sehingga tidak ada kompetisi yang berbenturan padahal teknologi sudah maju tidak terdengar di eropa penghentian kompetensi","1774583432745717947","","panditfootball","in","","0","0","0","https://x.com/SatyaPutra53806/status/1774583432745717947","1718636607216185344","SatyaPutra53806"
"1774452645987815834","Sun Mar 31 23:42:16 +0000 2024","0","@nikoum_ @merapi_uncover biaya pembuatannya gak masuk mumgkin bro. kayaknya yg ini sdh pakai teknologi canggih. bukan kayak hasil printer warna","1774583017698422841","","nikoum_","in","","0","0","0","https://x.com/AlfaWijayanto/status/1774583017698422841","1089712773280362496","AlfaWijayanto"
"1774555822452048222","Sun Mar 31 23:23:34 +0000 2024","0","@Indonesiakuat77 Teknologi telemedicine menghubungkan pasien dan tenaga medis dengan aman","1774578313883004990","","Indonesiakuat77","in","","0","0","0","https://x.com/omar_gunawan0/status/1774578313883004990","1701138631380127744","omar_gunawan0"
"1774397802069786828","Sun Mar 31 23:17:09 +0000 2024","0","@tanyakanrl Jaman teknologi informasi pramuka seharusnya diganti dengan ekstrakurikuler Teknologi Informasi. Masuk Kuliah wajib militer","1774576696467017766","","tanyakanrl","in","","0","0","0","https://x.com/Sujiwotego212/status/1774576696467017766","1735894941254189056","Sujiwotego212"
"1774574981881725228","Sun Mar 31 23:10:20 +0000 2024","1","Berarti ini masalah gelombang sinyal y? Teknologi 5g dibikin salah satunya buat ngereduksi ini kah? Maksudnya dg gelombang yg demikian transmisi data lbh stabil gitu2 deh. Aduh g ngerti gw juga ngomong apaan wkwk Tapi akhirny paham aja kalo di tempat yg crowded bisa terjadi","1774574981881725228","","","in","Sky Town for Talk","0","0","0","https://x.com/ab______kangman/status/1774574981881725228","1576598556","ab______kangman"
"1774574902374482356","Sun Mar 31 23:10:01 +0000 2024","5","ptn! haloo sender mau nanya ini urutan yang bener yang mana ya?? A. Pil 1: Teknologi Pangan - Unpad Pil 2: Agroteknologi - Unpad Pil 3: D4 Supervisor Jaminan Mutu Pangan - IPB B. Pil 1: Teknologi Pangan - Unpad Pil 2: D4 Supervisor Jaminan Mutu Pangan - IPB Pil 3: (cont..)","1774574902374482356","","","in","RULES üëâ","0","4","1","https://x.com/sbmptnfess/status/1774574902374482356","1205629250423779328","sbmptnfess"
"1774574624082461000","Sun Mar 31 23:08:55 +0000 2024","0","AMD Umumkan Teknologi Terbaru FidelityFX Super Resolusi 3.1 dan Tingkatkan Kualitas Grafis Game Anda. #idncitizen #promedia https://t.co/a9jhmUk4Fo","1774574624082461000","","","in","Kota Bandung ","0","0","0","https://x.com/idn_citizen/status/1774574624082461000","1702957163059257344","idn_citizen"
"1773999069603713223","Sun Mar 31 23:01:57 +0000 2024","0","@Miduk17 Perkembangan teknologi di jaman modern ini juga diikuti dengan perkembangan kejahatan termasuk korupsi.","1774572872037769417","","JhonSitorus_18","in","","0","0","0","https://x.com/Rimbingyan/status/1774572872037769417","1594955057199341568","Rimbingyan"
"1774405214524846123","Sun Mar 31 23:00:49 +0000 2024","4","@lynxluna Gimana om rasanya jadi programmer yang bertumbuh bareng sama teknologi yang ikut bertumbuh. Kami yg junior merasa sangat kelelahan buat ngejar pertumbuhan teknologi + memahami konsep dasar dasar dri komputer juga","1774572587001286702","","lynxluna","in","Jonggol, Indonesia","1","1","0","https://x.com/RGibranz/status/1774572587001286702","1015134476098125824","RGibranz"
"1774452680771153993","Sun Mar 31 22:59:37 +0000 2024","0","@sosmedkeras Zaman udh serba teknologi masih aj percaya takhayul","1774572286974337429","","sosmedkeras","in","","0","0","0","https://x.com/DerryPriambodo/status/1774572286974337429","1655706399555588096","DerryPriambodo"
"1774572188420759617","Sun Mar 31 22:59:14 +0000 2024","0","Dipikir-pikir udah lama juga ogut gak beli jam tangan. Saking udah mentok belum ada jam tangan analog yg ngalahin teknologi jam yg terakhir ogut beli.","1774572188420759617","","","in","Jakarta","0","1","0","https://x.com/zamahsyar/status/1774572188420759617","121030663","zamahsyar"
"1774374338252423175","Sun Mar 31 22:55:41 +0000 2024","0","@erlanmauludi Wowwww teknologi pling mutakhir edit ni ya...","1774571297391141010","","erlanmauludi","in","Bondowoso, Indonesia","0","0","0","https://x.com/Zaam_31/status/1774571297391141010","1463860755975970816","Zaam_31"
"1774570901364969625","Sun Mar 31 22:54:08 +0000 2024","0","4. Hitung nominal dana yang harus kamu tabung demi masa depanmu 5. Manfaatkan teknologi seperti menggunakan excel spreadsheet aplikasi keuangan dll 6. Evaluasi keuanganmu secara rutin misal bulanan 6 bulan sekali atau setiap tahun","1774570904540078460","","febians25","in","Jakarta, Indonesia","0","0","0","https://x.com/febians25/status/1774570904540078460","1009095326588809218","febians25"
"1774567780542714096","Sun Mar 31 22:41:43 +0000 2024","0","Gue rasa beruntung itu bukan di masa kecil tanpa gadget tapi kita tumbuh di masa informasi belum semudah sekarang dan orang tua kita juga ga sepenuhnya atau sama sekali ngga melek teknologi. Anak sekarang tumbuh dengan banyak informasi dan minim guidance itu bedanya.","1774567780542714096","","","in","Bogor, Indonesia","0","0","0","https://x.com/parjoalexander/status/1774567780542714096","1474329438","parjoalexander"
"1774563172890075542","Sun Mar 31 22:40:23 +0000 2024","0","@unokensho Kayanya dia gamau relain data save nya ilang begitu aja mana waktu itu itungannya belum ada teknologi yg kek sekarang yg bisa copy data format sav nya ke satu memori ke memori lain MENDING BELI SIH MAKANYA MINJEM MAH KL KAGA RELA YA JANGAN SAMPAI ENDING MAINNYA ","1774567444029251888","","unokensho","in","Banjarmasin, South Kalimantan ","0","1","0","https://x.com/zzlevanzzle/status/1774567444029251888","986876668613545986","zzlevanzzle"
"1774290508615159875","Sun Mar 31 22:36:00 +0000 2024","0","@tanyarlfes Hp baru masuk kota ku waktu aku umur 18tahun. Generasi yg paling merasakan lompatan teknologi yg kuar biasa.","1774566341019840765","","tanyarlfes","in","Negara para bdbh","0","0","0","https://x.com/syskateddy/status/1774566341019840765","64613796","syskateddy"
"1774351330825670851","Sun Mar 31 22:32:05 +0000 2024","0","@UnitedI32319031 @tvOneNews Nang kan ada teknologi buat ngasih tau... puppet leader vol : 2 Who is master of puppet?","1774565354867745279","","UnitedI32319031","in","","0","0","0","https://x.com/wahyudi8579/status/1774565354867745279","482211659","wahyudi8579"
"1774468195589747020","Sun Mar 31 17:42:07 +0000 2024","0","@AgusMagelangan Beberapa kiat agar bahasa daerah dapat eksis adalah (1) menjadikan bhs daerah sbg bahasa yg keren utk digunakan (2) bhs daerah harus punya daya ekonomi (bisa buat cari duit) dan (3) bhs daerah harus dikembangkan utk berbagai bidang kehidupan (olahraga kedokteran teknologi)","1774492385210450308","","icukprayogi","in","Pare-Lamongan-Jogja-Semarang","0","0","0","https://x.com/icukprayogi/status/1774492385210450308","58825602","icukprayogi"
"1774483950934823044","Sun Mar 31 17:40:08 +0000 2024","0","@arya_the_ok fakmen bahkan aku bawa koperpun bisa nambah 2-3 tas tas pertama isi lengtop tas kedua isi snack selimut atau essentials lainnya tas ketiga tergantung sikon ","1774491884490289561","","arya_the_ok","in","any pronouns","0","1","0","https://x.com/_TYLEN0L/status/1774491884490289561","1527366515808317440","_TYLEN0L"
"1774491118182498538","Sun Mar 31 17:37:05 +0000 2024","0","ku dh dighosting mas mas teknologi informasi 2x orang yang berbeda luv","1774491118182498538","","","in","RULES","0","1","0","https://x.com/UGM_FESS/status/1774491118182498538","1277749122296983552","UGM_FESS"
"1774488946476826757","Sun Mar 31 17:28:27 +0000 2024","0","GUYS PLS ANYONE CAN HELP ME A 1. administrasi negara UNS 2. Pend. ekonomi UNS B 1. hubungan internasional UNS 2. Teknologi Pend. Unnes C 1. Administrasi negara UNS 2. Teknologi Pend. Unnes","1774488946476826757","","","in","","0","0","0","https://x.com/nadinotes/status/1774488946476826757","1494482257427714048","nadinotes"
"1774488866692772253","Sun Mar 31 17:28:08 +0000 2024","0","wkwkwk jan mau jd people pleaser ngegerakkin org buat bukber apalagi ampe nalangin dulu. udah ada teknologi gg namanya transfer ","1774488866692772253","","","in","Jawa Barat, Indonesia","0","0","0","https://x.com/aphrnodite/status/1774488866692772253","1467045854","aphrnodite"
"1774475521755344976","Sun Mar 31 17:24:57 +0000 2024","0","@bubblemandu AlhamdulilLah Tan Dd lolos Teknik Dirgantara ITERRA (Institut Teknologi Terra) MasyaAllah Tabarakallah trmksh do a nya Tan c Bamby akhirnya bs ikut jejak si Aa ","1774488065379389826","","thesixthsummer","in","20‚Üë any prons","0","1","0","https://x.com/asteroem/status/1774488065379389826","1574951562","asteroem"
"1774487934768660953","Sun Mar 31 17:24:26 +0000 2024","2","snm: pil 1 mat its pil 2 teknologi informasi its sbm: pil 1 mat its pil 2 mat unair","1774487934768660953","","","in","","1","0","0","https://x.com/ahmadzakiyudin_/status/1774487934768660953","874805017252843520","ahmadzakiyudin_"
"1774473337659641978","Sun Mar 31 17:20:14 +0000 2024","0","@northregulus anak fdkbd bila dibilang krisis identitas: https://t.co/ETfuON4uZo","1774486876398944502","https://pbs.twimg.com/media/GKA-VsvbYAEuV06.jpg","northregulus","in","any pronouns","0","1","0","https://x.com/_TYLEN0L/status/1774486876398944502","1527366515808317440","_TYLEN0L"
"1774275902538723765","Sun Mar 31 17:17:41 +0000 2024","0","@AndiPitopang7 Kancil bandung kepada kancil garut monitorr Padahal teknologi komunikasi makin canggih dikira masih jaman GPRS kali ya Benahi lah sistem KPI. Promosi dan mutasi agar tidak terindikasi dengan KKN dan uang. Gimana yang dibawah ga malas kerja kalau KPI nya ga jelas","1774486234989240737","","AndiPitopang7","in","","0","0","0","https://x.com/MazGondhez/status/1774486234989240737","1599338481125560321","MazGondhez"
"1774485951135502830","Sun Mar 31 17:16:34 +0000 2024","0","tapi ya kesel juga sama cewe yang diboncengin terus nyasarin dan bikin alesan gabisa baca maps kek ITU FITUR DI GMAPS BISA BANTU NGE DIRECT SELAMA DI PERJALANAN LOH NYALAIN AJA APA SUSAHNYA?????? teknologi sekarang memudahkan lohhhhh","1774485954109264167","","chibicatsaurus","in","location unknown","0","0","0","https://x.com/chibicatsaurus/status/1774485954109264167","1028859896341512192","chibicatsaurus"
"1774483822014546065","Sun Mar 31 17:13:55 +0000 2024","0","@drhoew tlonk cek wangsaf hbiez inih karena aku mw chat akwakw","1774485287915368698","","drhoew","in","any pronouns","0","1","0","https://x.com/_TYLEN0L/status/1774485287915368698","1527366515808317440","_TYLEN0L"
"1774485167694135363","Sun Mar 31 17:13:26 +0000 2024","4","city khodijah","1774485167694135363","","","in","any pronouns","0","3","0","https://x.com/_TYLEN0L/status/1774485167694135363","1527366515808317440","_TYLEN0L"
"1774482885699080397","Sun Mar 31 17:13:09 +0000 2024","1","Tapi sekarang Indonesia sudah punya teknologi tersebut. https://t.co/Af8tWFF4uu","1774485094369198293","https://pbs.twimg.com/ext_tw_video_thumb/1774484967453794304/pu/img/obz2tTEUMQix4EUK.jpg","G3nX_files","in","Tanjung Priok, Indonesia","0","2","0","https://x.com/G3nX_files/status/1774485094369198293","1347031551771430912","G3nX_files"
"1774468581063111131","Sun Mar 31 17:11:44 +0000 2024","0","@medkitzx aduh si kucieng dongo","1774484737664651633","","cggatsx","in","any pronouns","0","1","0","https://x.com/_TYLEN0L/status/1774484737664651633","1527366515808317440","_TYLEN0L"
"1774482885699080397","Sun Mar 31 17:11:37 +0000 2024","1","Dulu nikel di ekspor karena Indonesia blm memiliki teknologi untuk pengaolahannya https://t.co/6teHBfCd4M","1774484708422029608","https://pbs.twimg.com/ext_tw_video_thumb/1774484486039969792/pu/img/-_HWaPoP94rEglPP.jpg","G3nX_files","in","Tanjung Priok, Indonesia","0","2","0","https://x.com/G3nX_files/status/1774484708422029608","1347031551771430912","G3nX_files"
"1774483950934823044","Sun Mar 31 17:08:41 +0000 2024","0","ni koperku tuh beneran definisi gede tapi gak muat banyak barang. tapi kalo pergi seminggu doang bawa ni koper NYEBELIN ANYING KRN KOPERNYA KEGEDEAN","1774483969448481066","","_TYLEN0L","in","any pronouns","0","0","0","https://x.com/_TYLEN0L/status/1774483969448481066","1527366515808317440","_TYLEN0L"
"1774483950934823044","Sun Mar 31 17:08:36 +0000 2024","0","nie momen bajigur banget karena aku dilarang ortuku mudik bawa koper (karena koperku ukurannya medium lah yea) LANTAS AKU BAWA LENGTOP BAWA MODUL LAPRAK BAWA BAJU UTK SEMINGGU DLL BAGAIMANA KARENA TASKU MUATNYA GAK SEBANYAK ITU","1774483950934823044","","","in","any pronouns","0","3","0","https://x.com/_TYLEN0L/status/1774483950934823044","1527366515808317440","_TYLEN0L"
"1774483648173187483","Sun Mar 31 17:07:24 +0000 2024","2","Mungkin gak banyak yang tau kalo Sritex punya brand retail sendiri https://t.co/IpJBXAa4Si Di bayanganku pasti laris manis secara teknologi tekstil megang banget dan harga pasti bersaing. Pernah beli sarung anti nyamuknya!","1774483648173187483","","","in","","0","2","0","https://x.com/glennmars/status/1774483648173187483","25065219","glennmars"
"1774483356056727656","Sun Mar 31 17:06:15 +0000 2024","0","Laundry emg ga boleh sembarangan. Sekarang setumpuk baju gw jadi penuh dgn bulu2. Klo pake teknologi lakban untuk ngangkat si bulu hadoh2. Takes time","1774483356056727656","","","in","√úT: -7.76094,110.37085","0","0","0","https://x.com/Angel_ya_Lydia/status/1774483356056727656","871850276","Angel_ya_Lydia"
"1773319292383281649","Sun Mar 31 17:05:10 +0000 2024","1","@NamfahPrh @txtkelas12 @ZebracrossI haloo kaaak masih bisa nggak ya?? boleh mintol cek in dong kak heheh bismillahirrahmanirrahim pil 1: kedokteran ugm pil 2: teknologi pangan ipb semogaaa adik kakak nnti juga lolos snbt pertambangan/kedokteran hewan yaa kakk aamiin","1774483083359842367","","NamfahPrh","in","(19) she they ","0","1","0","https://x.com/flamingkyu/status/1774483083359842367","1299912484334137344","flamingkyu"
"1774482367568335071","Sun Mar 31 17:02:19 +0000 2024","0","@kemendagri @Kemhan_RI @LAPAN_RI @pindad @itbofficial Jika pengembunan di dlm gudang amunisi berbahaya apakah selama ini tiada kerja sama dgn @brin_indonesia maupun lembaga teknologi yg lain utk memasang teknologi pengendali di dalam gudang amunisi ? https://t.co/0vm9fth4xk","1774482367568335071","","kemendagri","in","","0","0","0","https://x.com/knownjohan/status/1774482367568335071","908558973556580352","knownjohan"
"1774040358265241739","Sun Mar 31 16:58:46 +0000 2024","0","@tubirfess Makin banyak orang bodoh yang memamerkan kebodohan mereka. Dikata bagus apa ya bikin konten begituan. Teknologi makin canggih otak mereka makin bobrok. Sakit emang https://t.co/yYA5ZmYrZy","1774481473544040706","https://pbs.twimg.com/media/GKA5fx-bMAAMFYE.jpg","tubirfess","in","Edinburgh, Scotland","0","0","0","https://x.com/haaniyael/status/1774481473544040706","895661399266910209","haaniyael"
"1774432504466034771","Sun Mar 31 16:57:45 +0000 2024","1","@Fedianto_BEFI @uwwwooohhhh mjb bantu jawab ya kak dibalik masing masing avatar itu ada org aslinya kak. mereka pake teknologi yg namanya motion capture suit yg fungsinya buat ngedeteksi gerakan mereka. istilah gampangnya mah kayak org pake filter tp buat sebadan. jd mereka bener bener sama persis kayak-","1774481220166111429","","Fedianto_BEFI","in","MINOR/HOMOPHOBIC DNI","0","1","0","https://x.com/shawtiezt/status/1774481220166111429","1746527144380108800","shawtiezt"
"1774406531012005920","Sun Mar 31 16:52:05 +0000 2024","1","@Heraloebss Itulah perlunya Negara melindungi setiap warganya. Tidak semua teknologi harus dimanfaatkan lsg tanpa persiapan SDM. Mencerdaskan kehidupan bangsa adalah amanat pembukaan UUD 1945.","1774479794199232862","","Heraloebss","in","Indonesia","0","0","0","https://x.com/akucintaistriku/status/1774479794199232862","1577811079195160576","akucintaistriku"
"1774472252370907626","Sun Mar 31 16:44:50 +0000 2024","0","@syirups ihh seneng bgt bacanya will do! nnti mereka mau fancon jd ku bakal berisik ttg mereka/teknologi yg dipake buat concert nya xixi","1774477968255127736","","syirups","in","jkt | 20","0","1","0","https://x.com/hicroki/status/1774477968255127736","500034973","hicroki"
"1774476557790466112","Sun Mar 31 16:39:14 +0000 2024","0"," Mata Pelajaran Sains dan Teknologi: Teknik Elektro Teknik Informatika Teknik Kimia Fisika Biologi Kimia Ilmu Komputer Matematika Teknik Sipil Teknik Mesin Hubungi kami di: https://t.co/xTGOqi9fdC #jokitugas #zonauang","1774476557790466112","","","in","Yogyakarta, Indonesia","0","0","0","https://x.com/jokiinajaoke/status/1774476557790466112","1591841309882392576","jokiinajaoke"
"1774476474277580889","Sun Mar 31 16:38:54 +0000 2024","0","Layanan Joki Tugas: Bahasa Indonesia Matematika IPA/IPS Bahasa Inggris Fisika Ekonomi Kimia Sosiologi Biologi Geografi Seni Budaya Pendidikan Agama atau Etika TIK (Teknologi Informasi dan Komunikasi) Hubungi kami di: https://t.co/xTGOqi9fdC #jokitugas #zonauang","1774476474277580889","","","in","Yogyakarta, Indonesia","0","0","0","https://x.com/jokiinajaoke/status/1774476474277580889","1591841309882392576","jokiinajaoke"
"1773597422200971550","Sun Mar 31 16:37:54 +0000 2024","0","@aizatzlkbli @ikhwzul325 guni baja tu boleh toleh menoleh lah. memang teknologi baru.","1774476222942351448","","plantamadanon","in","","0","1","0","https://x.com/ftfxftfxft/status/1774476222942351448","1568104287645089792","ftfxftfxft"
"1774474334222110777","Sun Mar 31 16:33:01 +0000 2024","0","@404waves teknologi cupang ","1774474994514624957","","404waves","in","","0","1","0","https://x.com/smoothkouu/status/1774474994514624957","1274339622219157510","smoothkouu"
"1774474971743699096","Sun Mar 31 16:32:56 +0000 2024","0","Terima kasih teknologi ","1774474971743699096","","","in","","0","0","0","https://x.com/azzumaru/status/1774474971743699096","381433584","azzumaru"
"1774364779974668627","Sun Mar 31 16:31:34 +0000 2024","0","@BarcaBandidos Sedikit lebay dan pengen ketawa menurutku sampe dibuat kredit khusus buat asisten pelatih ketika pelatihnya kena suspen. Perlu bukti konkrit klo semua yg dilakuin itu mutlak keputusannya 100%. Apa teknologi skr ga mendukung buat pelatih kasih arahan di luar bench ???","1774474629647859975","","BarcaBandidos","in","Bali, Indonesia","0","0","0","https://x.com/Rsbodaryr/status/1774474629647859975","1523865523393826816","Rsbodaryr"
"1774474571472871447","Sun Mar 31 16:31:20 +0000 2024","0","Di Dunia yang penuh Teknologi dan Ilmu Melimpah ini kalo kau tetap miskin.. Kau memang Pemalas &amp; Bodoh.","1774474571472871447","","","in","","0","0","0","https://x.com/qizzbo/status/1774474571472871447","1451152417815347201","qizzbo"
"1774473553477542130","Sun Mar 31 16:27:17 +0000 2024","0","apa yg bikin nyaman di teknologi pendidikan?","1774473553477542130","","","in","","0","2","0","https://x.com/sabsebsub/status/1774473553477542130","1745035898482520064","sabsebsub"
"1774471789336486146","Sun Mar 31 16:20:17 +0000 2024","15","Awak nak jadi apa pun boleh asalkan sanggup bina skills yang diperlukan Ô∏è Trend teknologi sekarang mereka pandang portfolio dan assessment test you saja. Dah banyak tech company tak pandang degree apa you pegang. Selagi boleh jual diri dalam portfolio jual. https://t.co/qapLEUghto","1774471789336486146","https://pbs.twimg.com/media/GKAwr3sakAA60xW.jpg","","in","Hire me ‚Üí","0","1","4","https://x.com/eddthinksdesign/status/1774471789336486146","2485368801","eddthinksdesign"
"1774456272139772211","Sun Mar 31 15:41:40 +0000 2024","0","@legoooAhhh ya jadinya gtu karena semua pada gagap teknologi sampe 7 tahun implementasi hasilnya belum signifikan. kalo di head office hanya sebagai dashboard pemanis saja. modul equipment maintenance penggunaannya hanya sebagai monitoring dan bukan decision-making tools.","1774462070001668595","","humaniore","in","Massachusetts, USA","0","1","0","https://x.com/humaniore/status/1774462070001668595","750916626955075584","humaniore"
"1773983762298351748","Sun Mar 31 15:41:21 +0000 2024","0","@bramkertapati Israel &amp; China menguasai teknologi &amp; ekonomi karena memang mereka pintar. Bangsanya punya kesadaran dan kegigihan janganlah salahkan mereka kalau mereka unggul soal byk hal. Bagi mereka yang teriak terjajah secara ekonomi cukup tanyakan kepada mereka Kalian bisa apa? ","1774461991853478018","","jonathan1306","in","Indonesia","0","0","0","https://x.com/jonathan1306/status/1774461991853478018","61422931","jonathan1306"
"1774436509770490296","Sun Mar 31 15:38:38 +0000 2024","2","@ammarmh_ @redzuanNewsMPB Sama. Saya pun memang akan ikut waktu yang ditetapkan majlis agama dan pastikan waktu telefon tak berubah berapa minit pun dari yang sepatutnya.Syukur zaman teknologi memudahkan.","1774461307942850815","","ammarmh_","in","he/him üá≤üáæ","0","0","1","https://x.com/Syakirinnorjaya/status/1774461307942850815","155656203","Syakirinnorjaya"
"1774460555593736344","Sun Mar 31 15:35:38 +0000 2024","1","SNMPTN (gak ngira bakal masuk) 1. fkg unsri (dapet) 2. Teknologi ternak ipb","1774460555593736344","","","in","Taipei City, Taiwan","0","0","0","https://x.com/jeeeannee_/status/1774460555593736344","1619924729560973313","jeeeannee_"
"1773888221723975806","Sun Mar 31 15:33:24 +0000 2024","0","@kleponijo99 @Tietin_Tince @Jim_Lee_77 iya.. self-driving/parking car jg ada teknologi ai nya bang.. makin lama makin canggih.. lalu gabung dgn teknologi robotic.. film terminator bakal jd kenyataan.. kleponijo bakal pny temen ngobrol deh di kamar.. ","1774459990583267618","","kleponijo99","in","Jakarta, Indonesia","0","1","0","https://x.com/amun_ra2/status/1774459990583267618","72599044","amun_ra2"
"1774459841899032916","Sun Mar 31 15:32:48 +0000 2024","0","Sobat! Di tengah kemajuan teknologi yang pesat Erolabs berada di garis depan inovasi dengan deretan game dewasa yang memukau. Jelajahi katalog game mereka yang kaya akan cerita dan grafis luar biasa di sini: [https://t.co/qrddPTp5jC]. #gameandroid #erolabs https://t.co/yALODMrb4Y","1774459841899032916","https://pbs.twimg.com/media/GKAl0n1WkAELnuB.jpg","","in","CP :  -","0","0","0","https://x.com/patutdiretweet/status/1774459841899032916","1026103176","patutdiretweet"
"1774459828208857253","Sun Mar 31 15:32:45 +0000 2024","0","Sobat! Di tengah kemajuan teknologi yang pesat Erolabs berada di garis depan inovasi dengan deretan game dewasa yang memukau. Jelajahi katalog game mereka yang kaya akan cerita dan grafis luar biasa di sini: [https://t.co/fFokMtAUFo]. #gameandroid #erolabs https://t.co/fDgRHnMeZV","1774459828208857253","https://pbs.twimg.com/media/GKAlz5xWIAAitwc.jpg","","in","Indonesia","0","0","0","https://x.com/androidPonsel_/status/1774459828208857253","615964857","androidPonsel_"
"1774459658029375898","Sun Mar 31 15:32:04 +0000 2024","0","gara-gara iseng balik denger lagu 2pm sekarang jadi kangen ngefangirl T_____T skarang mode kangen winner ","1774459658029375898","","","in","any pronouns","0","0","0","https://x.com/_TYLEN0L/status/1774459658029375898","1527366515808317440","_TYLEN0L"
"1773615921669505089","Sun Mar 31 15:29:47 +0000 2024","0","@abinandar2003 @AyaniMel Knp lari ke Borobudur sih....teknologi internet yg kmu nikmati sekarang itu buatan yahudi","1774459082776449423","","abinandar2003","in","West Borneo","0","0","0","https://x.com/andrew643721/status/1774459082776449423","1746197127347548160","andrew643721"
"1774459041110188118","Sun Mar 31 15:29:37 +0000 2024","1","speedtest via wifi tergantung teknologi wifinya dan kekuatan sinyal. kalo router wifi dan gen 5 (ac) atau malah 6 (ax) dan gadget juga support di gen 5 - 6 maka speedtest akan jalan max di area jangkauan optimum wifi.","1774459041110188118","","","in","depan tungku arang","1","2","0","https://x.com/rasndeso/status/1774459041110188118","871951765","rasndeso"
"1774456272139772211","Sun Mar 31 15:18:37 +0000 2024","2","Fase paling amazing di siklus development khususnya di mining itu adalah saat gathering requirement. Usernya banyak banget dari board of director sampai foreman yang bener-bener jauh dari teknologi. Kalo ga detail teliti dan sabar bisa jadi project buang duit perusahaan.","1774456272139772211","","","in","Jakarta Selatan, DKI Jakarta","0","1","0","https://x.com/legoooAhhh/status/1774456272139772211","97832742","legoooAhhh"
"1773628420963926162","Sun Mar 31 15:14:07 +0000 2024","0","@gyubamiee Teknologi bioproses ","1774455138041950523","","gyubamiee","in","","0","0","0","https://x.com/or_cant_do/status/1774455138041950523","1176441482590310400","or_cant_do"
"1774452680771153993","Sun Mar 31 15:13:59 +0000 2024","136","@sosmedkeras Udah 2024 ganti dong bang cara sainganya katanya era teknologi ko masih pake ginian","1774455105041141969","","sosmedkeras","in","Seoul, Republic of Korea","0","16","2","https://x.com/DeniCheco/status/1774455105041141969","1501444501855895556","DeniCheco"
"1774197475391553609","Sun Mar 31 15:12:26 +0000 2024","0","@feedemady Teknologi dan jenis gim banyak berubah tapi winning eleven tetap legend. Pake Inter duet Ibra-Adriano gocek dikit shooting jarak jauh autogoal. https://t.co/cCfw2ZB4sE","1774454714614337676","https://pbs.twimg.com/media/GKAhJ4AaIAAXE5n.jpg","feedemady","in","","0","0","0","https://x.com/putrasambhara/status/1774454714614337676","723439474735079425","putrasambhara"
"1774454287751635417","Sun Mar 31 15:10:49 +0000 2024","0","Ketiga House of Natural Fiber (HONF) Kolektif Seni yang bertujuan untuk membuat ragam karya berbasis media baru dan pengembangan budaya. Selain itu HONF juga berfokus membuat karya yang menggabungkan seni dan teknologi.","1774454307116724704","","GIK_UGM","in","Yogyakarta, Indonesia","0","1","0","https://x.com/GIK_UGM/status/1774454307116724704","1712007853094105088","GIK_UGM"
"1774453846565433729","Sun Mar 31 15:08:59 +0000 2024","0","Halo #SobatDAMRI Kali ini DAMRI sedang menjelajahi masa depan transportasi! Direktur Teknik dan Fasilitas DAMRI Arifin sedang meninjau teknologi #DAMRITinjauARTdiChina #AyoNaikDAMRI #DAMRI #DAMRITakesYouEverywhere https://t.co/iU1Kyu0fab","1774453846565433729","","","in","","0","0","0","https://x.com/BUMNHebatKediri/status/1774453846565433729","1616008716146573315","BUMNHebatKediri"
"1774453513780892099","Sun Mar 31 15:07:40 +0000 2024","4","5 Aplikasi yang Wajib di Unduh Saat Melakukan Perjalanan Mudik Lebaran: Pemudik kini diuntungkan dengan kemajuan teknologi yang memberikan berbagai solusi praktis dalam merencanakan perjalanan mudik. Berikut aplikasi wajib diunduh https://t.co/ke3KymmDJz https://t.co/tBhbMHNcLS","1774453513780892099","https://pbs.twimg.com/media/GKAgET-bAAAk1x-.jpg","","in","Pulo Gadung, Indonesia","0","0","0","https://x.com/tvOneNews/status/1774453513780892099","55507370","tvOneNews"
"1772635084618645574","Sun Mar 31 15:06:06 +0000 2024","0","@loffiejisung Aku pendidikann teknologi informasi!! Ayo mutualan","1774453120392941586","","loffiejisung","in","","0","1","0","https://x.com/itz_sebesty/status/1774453120392941586","1335577718633627650","itz_sebesty"
"1774421274686804121","Sun Mar 31 15:03:45 +0000 2024","2","Faktanya kemajuan ilmu pengetahuan dan teknologi baru sampai seperti ini. Entah sekian tahun ke depan. Maka dalam situasi itu ada dua kemungkinan: - Mencoba sedapatnya memperpanjang useful life dari bio-machine ini hingga mengalami total failure secara alami.","1774452530992529785","","mx00711","in","","0","1","0","https://x.com/mx00711/status/1774452530992529785","1221737894957568000","mx00711"
"1774421274686804121","Sun Mar 31 15:01:46 +0000 2024","2","Persis ateis tentu lebih fokus bagaimana merayakan hidup dan membuat hidup ini berkualitas: hidup yang sehat damai sejahtera bahagia. Tapi bagaimana jika kondisi bio-machine itu sudah sedemikian mengalami deteriorisasi hingga sulit dipertahankan dengan teknologi saat ini??","1774452030427574393","","mx00711","in","","0","1","0","https://x.com/mx00711/status/1774452030427574393","1221737894957568000","mx00711"
"1774186086241272211","Sun Mar 31 15:00:32 +0000 2024","1","@sbmptnfess aku mau didoain nder bismillah reva Anindintha lolos snbt 2024 Keselamatan dan Kesehatan Kerja Universitas Indonesia atau Teknologi Pangan Insitut Pertanian Bogor aamiin allahuma aamiin","1774451720376267008","","sbmptnfess","in","","0","0","0","https://x.com/undersunrisee24/status/1774451720376267008","1533117321102778369","undersunrisee24"
"1774421274686804121","Sun Mar 31 14:58:23 +0000 2024","2","Sekian tahun ke depan mungkin sudah ada teknologi yg memungkinkan orang mati kapan saja dan dihidupkan lagi kapan saja sehingga kematian bukan lagi keniscayaan melainkan sekadar sebuah pilihan. Konsekuensinya? Dongeng ttg after life (surga/neraka/reinkarnasi) tidak laku lagi.","1774451180724502576","","mx00711","in","","0","1","0","https://x.com/mx00711/status/1774451180724502576","1221737894957568000","mx00711"
"1774421274686804121","Sun Mar 31 14:55:28 +0000 2024","2","Utas ini bisa panjang lebar tapi meskipun belum selesai harus kita batasi. Langsung ke poin tentang bagaimana dengan akhir hidup. Faktanya teknologi belum memungkinkan manusia membuat hidup selamanya dia masih tergantung pada 'useful life' dari bio-machine/tubuhnya.","1774450443705577934","","mx00711","in","","0","1","0","https://x.com/mx00711/status/1774450443705577934","1221737894957568000","mx00711"
"1774304569583120546","Sun Mar 31 14:53:14 +0000 2024","0","@niyiy Untuk meningkatkan inklusi keuangan yang lebih baik Indonesia berusaha untuk meningkatkan investasi di sektor teknologi keuangan","1774449883644383511","","niyiy","in","","0","0","0","https://x.com/shinta_rakhaa/status/1774449883644383511","1693900934714433536","shinta_rakhaa"
"1774253025139560923","Sun Mar 31 14:49:44 +0000 2024","0","@tanyakanrl Kaum2 goblok yg tak mengenal teknologi","1774449001078939950","","tanyakanrl","in","Jl.Ps.Kembang","0","0","0","https://x.com/ur_s1ster/status/1774449001078939950","2437321029","ur_s1ster"
"1774448604771717243","Sun Mar 31 14:48:09 +0000 2024","3","teknik industri-Institut Teknologi Sepuluh Nopember","1774448604771717243","","","in","","0","0","1","https://x.com/calonmabai85943/status/1774448604771717243","1733103137719013376","calonmabai85943"
"1774448440464081319","Sun Mar 31 14:47:30 +0000 2024","4","[snbt] plan a 1 : s1 statistika ipb 2 : s1 statistika unpad 3 : d4 teknologi rekayasa komputer ipb plan b 1 : s1 statistika ipb 2 : s1 matematika unpad 3 : d4 teknologi rekayasa komputer ipb plan c 1 : s1 statistika ipb 2 : s1 matematika upi 3 : d4 teknologi rekayasa (cont..)","1774448440464081319","","","in","kirim menfess üëâ","0","1","0","https://x.com/snbtfess/status/1774448440464081319","1515005472146812932","snbtfess"
"1774448342652920115","Sun Mar 31 14:47:07 +0000 2024","0","STMIK Amik Riau Kini Menjadi Universitas Sains dan Teknologi Indonesia https://t.co/m1SMjsXuVf https://t.co/Mnp6km79Qn","1774448342652920115","https://pbs.twimg.com/media/GKAbXVwaYAALZK6.jpg","","in","Pekanbaru","0","0","0","https://x.com/FDayun/status/1774448342652920115","2835734779","FDayun"
"1774392989642850646","Sun Mar 31 14:45:57 +0000 2024","0","@Narasi_winda Teknologi idf sungguh luar biasa","1774448052268626098","","Narasi_winda","in","Indonesia\sTTS aasa ada","0","0","0","https://x.com/ParjumaTombak7/status/1774448052268626098","898051995793211392","ParjumaTombak7"
"1774447584767283554","Sun Mar 31 14:44:06 +0000 2024","0","Kali ini DAMRI sedang menjelajahi masa depan transportasi! Direktur Teknik dan Fasilitas DAMRI Arifin sedang meninjau teknologi Autonomous Rail Rapid Transit (ART) di China untuk nantinya diterapkan di IKN. #DAMRITinjauARTdiChina https://t.co/X2Y4PTdmaK","1774447584767283554","https://pbs.twimg.com/media/GKAarJ6asAAXKSy.jpg","","in","","0","0","0","https://x.com/Electrizen_tte/status/1774447584767283554","1640706090630529024","Electrizen_tte"
"1774416313101984091","Sun Mar 31 14:43:29 +0000 2024","0","@kumparan Yup setuju aja sih asalkan pendidikan berbasis teknologi bisa lebih dipenetrasikan lagi..","1774447428957327753","","kumparan","in","","0","0","0","https://x.com/Ramang91/status/1774447428957327753","967525893156388864","Ramang91"
"1774446524837367853","Sun Mar 31 14:39:53 +0000 2024","0","Meskipun matematika dan algoritma membentuk fondasi #Bitcoin keberanian untuk mempercayai dan mengadopsi teknologi baru membutuhkan hati yang berani. Karena di balik setiap inovasi ada mimpi yang dikejar dengan keberanian bukan hanya logika.","1774446524837367853","","","in","","0","0","0","https://x.com/anguswarangga/status/1774446524837367853","355397782","anguswarangga"
"1774433764929929508","Sun Mar 31 14:39:02 +0000 2024","0","@hydrate1029 teknologi pangan.. atau sejenisnya","1774446310726459545","","hydrate1029","in","","0","1","0","https://x.com/fuwanoulli/status/1774446310726459545","1714912882763427840","fuwanoulli"
"1774446212340756825","Sun Mar 31 14:38:39 +0000 2024","0","aku ambil pil 1 manajemen usu trus pil 2 teknologi informasi aman ga yaa ","1774446212340756825","","","in","","0","0","0","https://x.com/chiyoraay/status/1774446212340756825","1296083768965394432","chiyoraay"
"1768948887451017397","Sun Mar 31 14:35:54 +0000 2024","0","Kita bisa belajar untuk lebih berhati-hati menggunakan teknologi terutama dalam memosting sesuatu yg berkaitan dengan privacy. Buku ini juga mengingatkan kita untuk lebih peka pada keluarga. Apa yg terlihat di luar belum tentu itu yg sebenarnya dirasakan.","1774445519718236273","","dyahmuawiiyah","in","Batam, Indonesia","0","1","0","https://x.com/dyahmuawiiyah/status/1774445519718236273","244433129","dyahmuawiiyah"
"1774444702244409588","Sun Mar 31 14:32:39 +0000 2024","0","STMIK Amik Riau Kini Menjadi Universitas Sains dan Teknologi Indonesia https://t.co/DVluwK2Up0 https://t.co/ih1qyEeiwD","1774444702244409588","https://pbs.twimg.com/media/GKAYDdQasAAiVMF.jpg","","in","","0","0","0","https://x.com/TrcRiau/status/1774444702244409588","4839948194","TrcRiau"
"1774444639392772285","Sun Mar 31 14:32:24 +0000 2024","0","Davigo Space! Mengukir Prestasi Baru dengan Motor Listrik Berkualitas Tinggi dan Teknologi Sistem Pendingin Terkini https://t.co/TJq5DghnQ0 lewat @Otoinfo.id","1774444639392772285","","","in","","0","0","0","https://x.com/DrewaAl/status/1774444639392772285","1605375478952792067","DrewaAl"
"1774444605339238479","Sun Mar 31 14:32:16 +0000 2024","0","Pengusaha teknologi tinggi Leron Petrushka dan istrinya Naomi tewas secara misterius dalam kecelakaan pesawat di California Utara Amerika Serikat. Perusahaannya terlibat dalam penyediaan layanan teknologi tinggi kepada IDF dan rezim Zionis. https://t.co/CbfwZRuJti","1774444605339238479","https://pbs.twimg.com/ext_tw_video_thumb/1774444530798112768/pu/img/3syeGKOlbCNzesPN.jpg","","in","BL_Indonesia","0","0","0","https://x.com/EddieFisher_id/status/1774444605339238479","621924795","EddieFisher_id"
"1774238163411795990","Sun Mar 31 14:32:06 +0000 2024","0","@iic_a katanya buat si micro direbus dulu biar ukurannya bisa efektif ke filter tetep butuh modal beli teknologi filter nya :/ https://t.co/tKTBmaPhaF","1774444566864929145","","iic_a","in","","0","1","0","https://x.com/blackcurawong/status/1774444566864929145","1302967383582097411","blackcurawong"
"1774437923376758892","Sun Mar 31 14:31:51 +0000 2024","0","@ARSIPAJA memang udah beda jaman dulu lom ada teknologi hp semua ya seneng klo ngumpul ma temen2 di pramuka RIP tali temali","1774444501580579012","","ARSIPAJA","in","","0","0","0","https://x.com/terangijiwa/status/1774444501580579012","1685447374498635776","terangijiwa"
"1774304528567009444","Sun Mar 31 14:29:04 +0000 2024","0","@glamgoddess11 Presiden jokowi mendorong inovasi teknologi dan digitalisasi memperkuat sektor ekonomi digital dan membuka peluang baru untuk sektor kreatif dan jasa","1774443803468079183","","glamgoddess11","in","","0","0","0","https://x.com/syahla_nayara/status/1774443803468079183","1693834233553518592","syahla_nayara"
"1774439332733935964","Sun Mar 31 14:26:19 +0000 2024","0","Kuesioner Susenas Kor mencakup berbagai indikator diantaranya berkaitan dengan kependudukan pendidikan kesehatan fertilitas dan keluarga berencana perumahan teknologi informasi dan komunikasi kerawanan pangan dan perlindungan sosial.","1774443107809173906","","bpskabwonogiri","in","Wonogiri, Indonesia","0","0","0","https://x.com/bpskabwonogiri/status/1774443107809173906","969474609962561536","bpskabwonogiri"
"1774443051165077931","Sun Mar 31 14:26:05 +0000 2024","0","Gw bisa baca maps jalan2 sendiri juga modal gmaps aja bisa nyampe Tapj beda cerita kalo drivernya mbak gw dah jadi bego kayak gak pernah tau apa itu teknologi maps Dek coba buka maps dah auto langsung mohon kepada Allah SWT perlindungan dari caci maki","1774443051165077931","","","in","Neverland","0","0","0","https://x.com/wooheeyas/status/1774443051165077931","1154084561548005376","wooheeyas"
"1774442729067675946","Sun Mar 31 14:24:48 +0000 2024","0","Masalah Malaysia ni bila kita dah bina pendidikan yang menyasarkan pekerjaan teknologi tinggi negara kita pula tak mampu nak sediakan secukupnya pekerjaan itu. Rugilah... Kena ada orang buka kilang pusat R&amp;D yang menguntungkan.","1774442729067675946","","","in","9.81","0","1","0","https://x.com/najxmi/status/1774442729067675946","1103137591","najxmi"
"1774170987048976588","Sun Mar 31 14:20:04 +0000 2024","0","@sbmptnfess haiii sender aku mau dong semoga aku Salwa Aulia bisa diterima di UB jurusan teknologi pangan atau teknik pertanian dan biosistem jalur snbt Aamiin. semoga papah kamu lancar ya umroh nya selalu diberi kesehatan juga keberkahan lancar rezekinya terimakasih banyak ya sender","1774441535255531890","","sbmptnfess","in","Six Flags : Magic Mountain","0","1","0","https://x.com/sideoff06127/status/1774441535255531890","1290873879020228608","sideoff06127"
"1774440275806695436","Sun Mar 31 14:15:04 +0000 2024","0","Program TV Pendidikan terbitan Unit TV Pendidikan Pusat Teknologi Pendidikan Kementerian Pendidikan.","1774440279921271135","","MoEducation_BRN","in","Brunei","0","0","0","https://x.com/MoEducation_BRN/status/1774440279921271135","1853747910","MoEducation_BRN"
"1774439260361498818","Sun Mar 31 14:11:01 +0000 2024","6","Imbas Kembali DSA 96-Pengumuman penyusunan semula struktur pengurusan kelengkapan pertahanan dan juga bidang pendidikan dalam ketenteraan bertujuan meningkatkan keupayaan pertahanan negara pada tahap yang lebih optimum seiring dengan peredaran teknologi yang canggih dan terkini. https://t.co/KNrzEHHkWV","1774439260361498818","https://pbs.twimg.com/media/GKATGBtagAAYN_E.jpg","","in","Kuala Lumpur, MY","0","1","3","https://x.com/MINDEFMalaysia/status/1774439260361498818","216023937","MINDEFMalaysia"
"1774427829457015093","Sun Mar 31 14:04:36 +0000 2024","0","@ionet_official Terus berinovasi dan tetap menjadi yang terdepan dalam teknologi dan tren yang sedang berkembang dapat membuktikan https://t.co/VGWtBnIGlh di masa depan dan memastikan relevansinya dalam jangka panjang.","1774437642618490965","","RioMandalaPut10","in","","0","0","0","https://x.com/RioMandalaPut10/status/1774437642618490965","1212761915014823936","RioMandalaPut10"
"1774437346353811675","Sun Mar 31 14:03:26 +0000 2024","0","Makanya gaissss sebelum ngetweet pikir-pikir dulu dan searching yaa. Kan ada teknologi namanya google. Pake deh itu buat nyari tau sesuatu ","1774437348572578218","","baekprefecture","in","exo-‚Ñì only;kdrama enthusiant! ","0","0","0","https://x.com/baekprefecture/status/1774437348572578218","1014804980803371009","baekprefecture"
"1774437238593704242","Sun Mar 31 14:02:59 +0000 2024","13","Dukungan terhadap VISI @ton_blockchain datang dari Yolo Investments guys.. Sebuah perusahaan besar yang menekankan fokusnya pada game fintech #blockchain dan teknologi baru Dengan investasi $8 juta di $TON coin dan ekosistem #TON yang lebih luas","1774437238593704242","","","in","Batang, Indonesia","0","0","10","https://x.com/feemafaa/status/1774437238593704242","1629291534","feemafaa"
"1774436707091505651","Sun Mar 31 14:00:53 +0000 2024","0","pernah ga si kepikiran kira2 ada ga ya teknologi di dunia ini yg biaa ngehilangin rasa khawatir anxious negative thinking dll kita? kayak contohnya lu nulis sesuatu in somewhere trs nanti ada gelembung yg berisi all ur negative thoughts -","1774436707091505651","","","in","Malang, Jawa Timur","0","1","0","https://x.com/nabilarianip20/status/1774436707091505651","1167209817426948096","nabilarianip20"
"1774436433224462692","Sun Mar 31 13:59:47 +0000 2024","1","Ini kayaknya dying art ya. Dimatikan oleh teknologi..","1774436433224462692","","","in","Here","0","0","0","https://x.com/Pak_Irv/status/1774436433224462692","1287925819755491328","Pak_Irv"
"1774363502372925632","Sun Mar 31 13:59:33 +0000 2024","1","@Didi_margo @bdleonanda Jangan lupa juga ajak Iran dan China biar bisa berbagi teknologi","1774436373912838151","","Didi_margo","in","Thailand Bangkok","0","0","0","https://x.com/Dublin2Eric/status/1774436373912838151","1352528309750439936","Dublin2Eric"
